0,0,0,0.0110548394807685
0.0101999999999993,0,0,0.00896079280871831
0.0203999999999986,0,0,0.00896232967587016
0.0305999999999997,0,0,0.0107710686187527
0.0406999999999993,0,0,0.00987071041410858
0.0508999999999986,0,0,0.0100495883800788
0.0609999999999999,0,0,0.010139600132981
0.0711999999999993,0,0,0.0109548907571489
0.0812999999999988,0,0,0.010956635161635
0.0914999999999999,0,0,0.0103248211974699
0.101699999999999,0,0,0.00932375186974991
0.111799999999999,0,0,0.00942621985673551
0.122,0,0,0.00842341375217407
0.132199999999999,0,0,0.00853350156498439
0.142399999999999,0,0,0.00752732006133679
0.1525,0,0,0.00933215966448488
0.162699999999999,0,0,0.00832931258964108
0.172799999999999,0,0,0.0101399034163306
0.183,0,0,0.0102263689774095
0.193099999999999,0,0,0.0100492722900177
0.203199999999999,0,0,0.0101359539007743
0.2134,0,0,0.0100490575756864
0.2235,0,0,0.0100487985115388
0.233699999999999,0,0,0.00896734218317325
0.2439,0,0,0.00896859221665046
0.254,0,0,0.00996480917210585
0.264199999999999,0,0,0.00896950565504387
0.2744,0,0,0.00996593958704066
0.2845,0,0,0.00905139358393709
0.294699999999999,0,0,0.00905145239261525
0.3049,0,0,0.00813413470023459
0.315099999999999,0,0,0.00813481968899749
0.3254,0,0,0.00713637999186495
0.335699999999999,0,0,0.00621962121735483
0.345899999999999,0,0,0.00521974035303052
0.356,0,0,0.00422362306119999
0.366199999999999,0,0,0.00322341302215704
0.376399999999999,0,0,0.00322452733458299
0.3866,0,0,0.00222547036447692
0.396799999999999,0,0,0.00122712488893025
0.407,0,0,0.000306759867996611
0.417199999999999,0,0,0.000307607681254793
0.427299999999999,0,0,0.000228221254151825
0.4375,0,0,0.000302757278949729
0.4476,0,0,0.000227067959212297
0.457799999999999,0,0,-0.000692612106043574
0.468,0,0,-0.000693769096036196
0.4781,0,0,-0.000696299239228778
0.488299999999999,0,0,-0.000696299239228778
0.4985,0,0,-0.000621318097407481
0.508599999999999,0,0,-0.000618652165696786
0.518799999999999,0,0,-0.000620402972582682
0.529,0,0,0.00037937418412356
0.539099999999999,0,0,-0.000620243088653575
0.549299999999999,0,0,0.000378672840246649
0.5594,0,0,0.000376070145158508
0.569599999999999,0,0,0.000453934388799914
0.579699999999999,0,0,0.000451278953033672
0.589799999999999,0,0,0.000453341283082661
0.5998,0,0,-0.00243104790647344
0.609999999999999,0,0,-0.0025102397250291
0.620199999999999,0.15,0,-0.00415928490620237
0.6304,0.15,0.000254860338420096,-0.00332750327413035
0.6404,0.15,0.000994351457889426,-0.00333733108992902
0.650499999999999,0.15,0.00218163295158567,-0.0041328521068085
0.660599999999999,0.15,0.00378096276919895,-0.00414556625541451
0.6707,0.15,0.00575774009327277,-0.00328678080642394
0.6808,0.15,0.00807854132290158,-0.00403850916682463
0.690999999999999,0.15,0.0107111495317,-0.0023037002480055
0.7011,0.15,0.013624577762996,-0.00023753397967463
0.7112,0.15,0.0167890865202944,0.00161384008470448
0.721399999999999,0.15,0.0201761958052878,0.00285982281871443
0.731499999999999,0.15,0.023758692049142,0.00757920112606831
0.7416,0.15,0.0275106302755323,0.00984270281832572
0.751799999999999,0.15,0.0314073318260225,0.0145601953327205
0.761999999999999,0.15,0.035425377969939,0.0177279065908317
0.7722,0.15,0.0395425997119642,0.0234551876898468
0.782299999999999,0.15,0.0437380641013163,0.026705975662549
0.792399999999999,0.15,0.0479920573366647,0.0314220109679715
0.8027,0.15,0.0522860649509087,0.0363042306211494
0.812799999999999,0.15,0.0566027493496732,0.0402916388878491
0.822999999999999,0.15,0.0609259249669064,0.0441814434587373
0.8332,0.15,0.0652405312903481,0.048164007192185
0.843399999999999,0.15,0.0695326039989183,0.0530538465672867
0.8536,0.15,0.0737892444432999,0.0571255749565561
0.8637,0.15,0.0779985876901966,0.0630138328470878
0.873899999999999,0.15,0.082149769339972,0.0669927079831994
0.8841,0.15,0.0862328913166592,0.0728879444569937
0.894299999999999,0.15,0.0902389868186999,0.0728788332344903
0.904499999999999,0.15,0.0941599846082572,0.0840239712730372
0.9146,0.15,0.0979886728065779,0.0840159947488204
0.924799999999999,0.15,0.101718662352681,0.0890054177082771
0.934899999999999,0.15,0.105344350272641,0.0929800344933997
0.944999999999999,0.15,0.108860882896933,0.0972395080513579
0.955,0.15,0.112264119153753,0.100859411201107
0.9651,0.15,0.115550594056892,0.109663319277394
0.975199999999999,0.15,0.118717482497685,0.112744735896577
0.985299999999999,0.15,0.121762563441781,0.115254297270197
0.9956,0.15,0.124684184622958,0.118243721273738
1.0057,0.15,0.127481227817993,0.12077692545234
1.0158,0.15,0.130153074778703,0.12475856636705
1.0259,0.15,0.132699573889622,0.127834713335285
1.0361,0.15,0.135121007612522,0.130820125985768
1.0463,0.15,0.137418060771946,0.133276930774345
1.0564,0.15,0.13959178972928,0.136258031130908
1.0667,0.15,0.141643592486495,0.139535208568953
1.0768,0.15,0.143575179754652,0.141556056630846
1.087,0.15,0.145388547016512,0.144637802988263
1.0971,0.15,0.147085947607151,0.146622611873496
1.1073,0.15,0.148669866831366,0.149538534954685
1.1174,0.15,0.150142997131795,0.151536400119735
1.1276,0.15,0.151508214317178,0.153329581849383
1.1379,0.15,0.152768554855897,0.155313688911833
1.1482,0.15,0.153927194236007,0.157013812070429
1.1584,0.15,0.154987426389249,0.157909416333103
1.1685,0.15,0.15595264417316,0.159605717297054
1.1786,0.15,0.156826320902188,0.161593269458338
1.1887,0.15,0.157611992915878,0.162194619407126
1.1989,0.15,0.158313243169484,0.163194532941183
1.209,0.15,0.158933685829998,0.164194760965126
1.2192,0.15,0.159476951858342,0.165215252605325
1.2294,0.15,0.159946675556562,0.148315195615443
1.2396,0.15,0.160346482057055,0.149517239800842
1.2497,0.15,0.160679975729325,0.154567312414041
1.2598,0.15,0.160950729478413,0.154698943916349
1.27,0.15,0.161162274907944,0.156294683180621
1.2802,0.15,0.161318093319752,0.156506114643948
1.2904,0.15,0.161421607521185,0.158351763915197
1.3006,0.15,0.161476174410534,0.158362402564449
1.3107,0.15,0.161485078310484,0.158356795477222
1.3209,0.15,0.161451525019084,0.159775126523365
1.331,0.15,0.161378636547497,0.16083921665409
1.3412,0.15,0.161269446513618,0.160314780553528
1.3513,0.15,0.161126896160656,0.160379493743949
1.3616,0.15,0.160953830969818,0.159820358194515
1.3718,0.15,0.160752997836458,0.159880641504431
1.3819,0.15,0.160527042779276,0.159141345552208
1.3921,0.15,0.160278509152551,0.158397711925816
1.4022,0.15,0.160009836331775,0.157556797229438
1.4124,0.15,0.159723358843607,0.155866198706705
1.4225,0.15,0.15942130591157,0.153201370499292
1.4326,0.15,0.15910580138959,0.153375649866427
1.4428,0.15,0.158778864056099,0.155223021253268
1.453,0.15,0.158442408242167,0.156442278024906
1.4632,0.15,0.158098244767872,0.153829707004577
1.4734,0.15,0.157748082161891,0.153908108782871
1.4836,0.15,0.15739352814014,0.153882856932328
1.4938,0.15,0.157036091320097,0.151400044841105
1.5039,0.15,0.156677183148323,0.150553062588063
1.5141,0.15,0.156318120019569,0.147855573948715
1.5243,0.15,0.155960125566722,0.147878353696492
1.5345,0.15,0.155604333101761,0.145109919448373
1.5446,0.15,0.155251788188776,0.143395624956867
1.5547,0.15,0.154903451330999,0.143298235613251
1.5649,0.15,0.154560200754689,0.141682206797068
1.575,0.15,0.154222835273622,0.141773294597609
1.5852,0.15,0.153892077218777,0.141253865490639
1.5953,0.15,0.153568575418721,0.141253865490639
1.6054,0.15,0.153252908217028,0.138209120310498
1.6155,0.15,0.152945586513919,0.138906103175589
1.6257,0.15,0.152647056820129,0.137232362427895
1.6359,0.15,0.152357704311827,0.137184900742842
1.6461,0.15,0.152077855876199,0.136250374295458
1.6561,0.15,0.151807783138057,0.137932489909624
1.6662,0.15,0.151547705458614,0.136277974096362
1.6764,0.15,0.151297792898257,0.137952237648446
1.6866,0.15,0.15105816913587,0.137372617478558
1.6966,0.15,0.15082891433792,0.13731743578961
1.7067,0.15,0.150610067971187,0.138296403408723
1.7168,0.15,0.150401631553622,0.139027282931083
1.7269,0.15,0.150203571338431,0.139379183071205
1.7371,0.15,0.150015820927054,0.141018087760684
1.7473,0.15,0.149838283807252,0.140323580916796
1.7574,0.15,0.149670835813029,0.140348812796261
1.7676,0.15,0.149513327503641,0.140636701045624
1.7778,0.15,0.149365586459367,0.141052247836998
1.788,0.15,0.1492274194922,0.14031235999636
1.7981,0.15,0.149098614770026,0.140350518191833
1.8083,0.15,0.148978943853233,0.140543154446222
1.8185,0.15,0.148868163643091,0.140943126466347
1.8286,0.15,0.148766018241566,0.140147862085331
1.8388,0.15,0.148672240722566,0.141737224815446
1.8489,0.15,0.148586554814919,0.140947421248701
1.8591,0.15,0.148508676497643,0.143619720248547
1.8692,0.15,0.148438315508348,0.142784116528238
1.8794,0.15,0.148375176765814,0.142801726943169
1.8896,0.15,0.148318961708052,0.142001617319258
1.8997,0.15,0.148269369547278,0.143432760380531
1.9098,0.15,0.148226098443492,0.142560359482834
1.9199,0.15,0.148188846598432,0.144244073177933
1.9301,0.15,0.148157313271868,0.142373927414383
1.9402,0.15,0.148131199722311,0.144068836820929
1.9503,0.15,0.148110210074298,0.143278428834379
1.9604,0.15,0.148094052114548,0.143226688194222
1.9705,0.15,0.148082438019324,0.144191659897376
1.9806,0.15,0.148075085015429,0.144129660086728
1.9907,0.15,0.14807171597731,0.14410155079596
2.0008,0.15,0.14807205996276,0.145802323003784
2.0109,0.15,0.148075852689792,0.14501176140787
2.0211,0.15,0.148082836957218,0.144937692253709
2.0312,0.15,0.148092763011509,0.145635400602733
2.0413,0.15,0.148105388862505,0.145566224195568
2.0514,0.15,0.148120480550545,0.144778015254601
2.0615,0.15,0.148137812367524,0.145491038354729
2.0716,0.15,0.148157167034443,0.144705970206195
2.0818,0.15,0.148178335837886,0.14541643406627
2.092,0.15,0.148201118727914,0.144631372559338
2.1021,0.15,0.148225324379756,0.145342706656635
2.1122,0.15,0.148250770221661,0.145272884686078
2.1224,0.15,0.148277282431219,0.145269807407957
2.1325,0.15,0.148304695902386,0.145202857384593
2.1427,0.15,0.14833285418542,0.14619812431698
2.1529,0.15,0.148361609401825,0.145487115078701
2.1631,0.15,0.148390822136387,0.14556212202898
2.1732,0.15,0.148420361308274,0.145928829154991
2.1833,0.15,0.148450104023115,0.146927398983942
2.1935,0.15,0.148479935407928,0.146928988916703
2.2036,0.15,0.148509748430646,0.146944452957431
2.2138,0.15,0.14853944370595,0.147554889515243
2.224,0.15,0.148568929289041,0.146971007711484
2.2342,0.15,0.1485981204589,0.146970569030576
2.2443,0.15,0.148626939492499,0.148027891816476
2.2545,0.15,0.148655315431392,0.147355846641069
2.2647,0.15,0.148683183841991,0.147569992056991
2.2749,0.15,0.148710486570799,0.148570586548655
2.285,0.15,0.148737171495774,0.148596573975938
2.2952,0.15,0.148763192274947,0.148593329745084
2.3053,0.15,0.148788508093332,0.148513779486094
2.3154,0.15,0.148813083409101,0.149423589017353
2.3256,0.15,0.148836887699943,0.149282091566241
2.3358,0.15,0.148859895210443,0.149279732261518
2.3459,0.15,0.14888208470126,0.149038843432112
2.3561,0.15,0.14890343920083,0.149948921343456
2.3664,0.15,0.148923945760256,0.149700918182106
2.3766,0.15,0.148943595211972,0.149697466790001
2.3867,0.15,0.148962381932745,0.149598074667558
2.3969,0.15,0.148980303611501,0.150501539797825
2.4071,0.15,0.148997361022415,0.126221364756801
2.4173,0.15,0.149013557803664,0.126153772513636
2.4275,0.15,0.149028900242185,0.129657897479061
2.4377,0.15,0.149043397064741,0.129519365838165
2.4478,0.15,0.14905705923555,0.132449841383437
2.458,0.15,0.149069899760701,0.132391927640444
2.4682,0.15,0.149081933499535,0.132329623116941
2.4784,0.15,0.149093176983131,0.132261264238487
2.4886,0.15,0.149103648240011,0.132197502172578
2.4988,0.15,0.149113366629134,0.133207451960632
2.5089,0.15,0.149122352680242,0.133224095355734
2.5191,0.15,0.149130627941552,0.133241308478056
2.5293,0.15,0.149138214834812,0.133260929570563
2.5395,0.15,0.149145136517677,0.133273318553496
2.5497,0.15,0.149151416753345,0.134344959735244
2.5599,0.15,0.149157079787395,0.134350900931617
2.5701,0.15,0.149162150231716,0.134427052718011
2.5802,0.15,0.149166652955433,0.135505347109107
2.5904,0.15,0.149170612982684,0.135522710017743
2.6005,0.15,0.149174055397123,0.135605479062059
2.6106,0.15,0.14917700525299,0.144093772738631
2.6207,0.15,0.149179487492579,0.145094116294387
2.6308,0.15,0.149181526869934,0.140631330348346
2.6409,0.15,0.149183147880589,0.141676624898377
2.6511,0.15,0.149184374697159,0.14103497088959
2.6613,0.15,0.149185231110585,0.1392909986149
2.6714,0.15,0.149185740476834,0.141286656921583
2.6816,0.15,0.149185925668845,0.140541416415554
2.6917,0.15,0.149185809033504,0.142523916308634
2.7018,0.15,0.14918541235346,0.141724926251742
2.712,0.15,0.149184756813537,0.14270154513716
2.7222,0.15,0.149183862971552,0.142897213229364
2.7324,0.15,0.149182750733322,0.143749353368498
2.7426,0.15,0.149181439331636,0.14295097050006
2.7527,0.15,0.149179947308996,0.144800678983781
2.7629,0.15,0.149178292503911,0.143948590473409
2.7731,0.15,0.14917649204054,0.144802704727976
2.7833,0.15,0.149174562321476,0.145069675087935
2.7935,0.15,0.149172519023493,0.145072634228522
2.8036,0.15,0.149170377096024,0.146038087490233
2.8138,0.15,0.149168150762227,0.145251951238745
2.824,0.15,0.149165853522405,0.14634509986465
2.8342,0.15,0.149163498159648,0.146350062307056
2.8444,0.15,0.149161096747474,0.146190353456644
2.8546,0.15,0.149158660659348,0.146154765954215
2.8647,0.15,0.14915620057987,0.145406938835123
2.8749,0.15,0.149153726517511,0.144721025454776
2.8851,0.15,0.149151247818726,0.144715059681988
2.8952,0.15,0.149148773183298,0.145712030032798
2.9054,0.15,0.149146310680785,0.145709165956014
2.9156,0.15,0.149143867767926,0.144980966343321
2.9258,0.15,0.149141451306885,0.146032650243921
2.9359,0.15,0.149139067584211,0.146323654545021
2.9461,0.15,0.149136722330395,0.146386841940003
2.9562,0.15,0.149134420739922,0.146459734267142
2.9663,0.15,0.14913216749171,0.13957330711685
2.9764,0.15,0.149129966769848,0.138937006079031
2.9865,0.15,0.149127822284525,0.138937006079031
2.9966,0.15,0.149125737293086,0.138095472308846
3.0067,0.15,0.14912371462112,0.141284802800073
3.0168,0.15,0.149121756683513,0.140494772247917
3.0271,0.15,0.149119865505398,0.140427238212635
3.0373,0.15,0.149118042742933,0.13957487626449
3.0474,0.15,0.149116289703857,0.140571342866562
3.0575,0.15,0.149114607367761,0.139724769780221
3.0677,0.15,0.149112996406038,0.143931957315542
3.0778,0.15,0.14911145720145,0.143136997101793
3.0879,0.3,0.149109989867293,0.146738065933145
3.098,0.3,0.14936345460453,0.146995513563524
3.1081,0.3,0.150101621485812,0.149748565468913
3.1183,0.3,0.151287649519543,0.148937269850505
3.1284,0.3,0.152885795873044,0.151702151283245
3.1385,0.3,0.154861458765537,0.151881236392135
3.1486,0.3,0.157181213467916,0.154775928504854
3.1587,0.3,0.159812841776216,0.155883613798307
3.1689,0.3,0.162725355321701,0.159780538718532
3.179,0.3,0.165889013075632,0.16194395272593
3.189,0.3,0.169275333400964,0.166840014619381
3.1991,0.3,0.172857100996716,0.170003659387989
3.2092,0.3,0.176608369073475,0.175847803556857
3.2193,0.3,0.180504457090635,0.179057330513939
3.2295,0.3,0.18452194437752,0.184905544715162
3.2397,0.3,0.188638659951635,0.189101585077206
3.2498,0.3,0.192833668837892,0.193096925896435
3.2599,0.3,0.197087255182995,0.197361918861252
3.2701,0.3,0.201380902449114,0.201988353002407
3.2803,0.3,0.205697270960697,0.205187716639749
3.2905,0.3,0.210020173067841,0.210934794270415
3.3005,0.3,0.214334546178986,0.213127182526153
3.3107,0.3,0.218626423905002,0.217123572535326
3.3209,0.3,0.222882905545963,0.221325280047539
3.3311,0.3,0.227092124141091,0.225921800217954
3.3414,0.3,0.231243213291603,0.228113209896164
3.3516,0.3,0.235326272955467,0.233926381515871
3.3617,0.3,0.239332334402436,0.237104000587422
3.3719,0.3,0.243253324507225,0.242920505956154
3.3821,0.3,0.247082029548324,0.24609787090309
3.3924,0.3,0.250812058669747,0.250919196501941
3.4026,0.3,0.254437807152988,0.254089594724598
3.4127,0.3,0.257954419636692,0.262045700290013
3.4229,0.3,0.261357753411943,0.266836057703619
3.4331,0.3,0.264644341911796,0.268996962060787
3.4432,0.3,0.267811358504564,0.26898581072634
3.4534,0.3,0.270856580691648,0.275950754542719
3.4636,0.3,0.273778354802126,0.275933374658664
3.4738,0.3,0.276575561268153,0.282206044036615
3.484,0.3,0.27924758055728,0.282815102817114
3.4941,0.3,0.281794259830195,0.285068778179105
3.5043,0.3,0.284215880385096,0.288766504572296
3.5145,0.3,0.286513125942879,0.291019810091597
3.5246,0.3,0.288687051820696,0.29377077874978
3.5348,0.3,0.290739055035006,0.29683994370359
3.545,0.3,0.292670845369256,0.299697113342192
3.5552,0.3,0.294484417435513,0.300936042332827
3.5653,0.3,0.296182023753991,0.302708374979509
3.5755,0.3,0.29776614886925,0.303926729146834
3.5857,0.3,0.299239484517014,0.305686919878726
3.5958,0.3,0.30060490585104,0.306653763691227
3.606,0.3,0.301865448735189,0.313587757529196
3.6161,0.3,0.303024288101925,0.3136293077971
3.6262,0.3,0.304084717374736,0.315481216373111
3.6363,0.3,0.305050128948604,0.316611033012557
3.6464,0.3,0.305923995719448,0.3174973062386
3.6565,0.3,0.306709853650598,0.317649644083666
3.6666,0.3,0.307411285361687,0.319530511437363
3.6767,0.3,0.308031904722926,0.319686104506619
3.6869,0.3,0.308575342435557,0.319676254000584
3.6971,0.3,0.309045232577289,0.319958570754446
3.7072,0.3,0.309445200089775,0.316515556886718
3.7174,0.3,0.30977884918364,0.315689695970147
3.7276,0.3,0.310049752635184,0.315408987183285
3.7378,0.3,0.310261441947729,0.314583581101771
3.748,0.3,0.310417398349566,0.31540247679371
3.7582,0.3,0.310521044599616,0.313566088740603
3.7683,0.3,0.310575737571241,0.314377709368476
3.7785,0.3,0.31058476158411,0.31255143362769
3.7887,0.3,0.310551322453633,0.313415693039483
3.7989,0.3,0.310478542227204,0.311543402468714
3.8091,0.3,0.310369454576363,0.311405704825916
3.8193,0.3,0.310227000813955,0.309585718509353
3.8295,0.3,0.310054026505456,0.309502346854616
3.8396,0.3,0.309853278643793,0.308633811858643
3.8498,0.3,0.309627403357276,0.308488006215369
3.86,0.3,0.3093789441206,0.307674239282799
3.8702,0.3,0.309110340439319,0.307523023596515
3.8804,0.3,0.308823926978662,0.306720472107224
3.8906,0.3,0.308521933108172,0.306504908959042
3.9008,0.3,0.308206482834216,0.304783352366165
3.911,0.3,0.307879595093124,0.304837331106896
3.9212,0.3,0.307543184378395,0.304193036650964
3.9314,0.3,0.307199061676201,0.299631480520466
3.9416,0.3,0.306848935684158,0.299688754162911
3.9517,0.3,0.306494414289192,0.298464853743605
3.9619,0.3,0.306137006281136,0.296954492246437
3.9721,0.3,0.305778123279579,0.296781851197125
3.9822,0.3,0.305419081852337,0.2968358878662
3.9923,0.3,0.30506110580481,0.295170481719753
4.0024,0.3,0.304705328620402,0.295149918708566
4.0125,0.3,0.304352796033028,0.293358535521598
4.0225,0.3,0.304004468713693,0.294214297271561
4.0326,0.3,0.303661225053954,0.294214297271561
4.0428,0.3,0.303323864030024,0.292487727461167
4.0529,0.3,0.302993108132113,0.292356011601519
4.063,0.3,0.302669606344507,0.291481367055388
4.0731,0.3,0.302353937162705,0.290754975561611
4.0833,0.3,0.302046611634816,0.291616815410989
4.0935,0.3,0.301748076415212,0.290891298605578
4.1036,0.3,0.30145871681927,0.290758464913529
4.1138,0.3,0.301178859868786,0.290960860845256
4.1239,0.3,0.300908777318471,0.29082979344791
4.1341,0.3,0.300648688654608,0.290034724557843
4.1442,0.3,0.300398764057752,0.290898684771078
4.1543,0.3,0.300159127321991,0.290099414894477
4.1645,0.3,0.299929858723998,0.290900755287012
4.1748,0.3,0.299710997835742,0.290175025474846
4.1849,0.3,0.299502546275342,0.290901669779169
4.1951,0.3,0.299304470391176,0.290116236943862
4.2052,0.3,0.299116703874886,0.290190126291825
4.2153,0.3,0.298939150299515,0.29019209552443
4.2255,0.3,0.298771685579492,0.288764458491801
4.2356,0.3,0.298614160349711,0.288056730085852
4.2457,0.3,0.298466402261382,0.288129108726802
4.2558,0.3,0.298328218192827,0.288513715303041
4.266,0.3,0.29819939637375,0.28691901066159
4.2762,0.3,0.298079708421961,0.286205323609102
4.2863,0.3,0.297968911291876,0.287841242800725
4.2965,0.3,0.297866749134449,0.287137456005147
4.3066,0.3,0.297772955068554,0.288838026279262
4.3168,0.3,0.297687252864092,0.289059429139553
4.327,0.3,0.297609358537397,0.289835479103152
4.3372,0.3,0.297538981859779,0.28905727509936
4.3473,0.3,0.297475827780252,0.290759024462465
4.3575,0.3,0.297419597763723,0.289978831714675
4.3677,0.3,0.297369991046128,0.290688584139266
4.3779,0.3,0.297326705808144,0.289905189978527
4.388,0.3,0.297289440269296,0.291613940479536
4.3982,0.3,0.297257893704393,0.290830276688501
4.4083,0.3,0.297231767384378,0.292546686880633
4.4186,0.3,0.297210765443764,0.292754023772998
4.4287,0.3,0.29719459567692,0.293545143776479
4.4389,0.3,0.297182970265581,0.293751102627692
4.4491,0.3,0.297175606439976,0.293748425213755
4.4592,0.3,0.297172227076061,0.295810804734074
4.4694,0.3,0.297172561231362,0.297540848111802
4.4796,0.3,0.297176344621968,0.297803801640055
4.4898,0.3,0.297183320043233,0.299538304241311
4.4999,0.3,0.297193237736761,0.298803152816822
4.5101,0.3,0.297205855706235,0.298736197536772
4.5203,0.3,0.297220939984648,0.300002906606748
4.5305,0.3,0.297238264855481,0.299999442653361
4.5406,0.3,0.297257613030347,0.301272622382954
4.5507,0.3,0.297278775785578,0.298475891616243
4.5609,0.3,0.29730155306021,0.297737789924441
4.571,0.3,0.297325753517764,0.299351850256905
4.5812,0.3,0.297351194574191,0.299603005060982
4.5913,0.3,0.297377702394272,0.300601033233683
4.6015,0.3,0.297405111858726,0.300925246520207
4.6117,0.3,0.297433266504217,0.301403732012052
4.6218,0.3,0.297462018438375,0.303406434926365
4.632,0.3,0.297491228231893,0.302596043968399
4.6421,0.3,0.297520764789691,0.304409716011478
4.6522,0.3,0.297550505203059,0.30441538223231
4.6622,0.3,0.297580334584634,0.304411167547283
4.6723,0.3,0.297610145887979,0.304590002431037
4.6824,0.3,0.297639839713466,0.304591301584696
4.6925,0.3,0.297669324102093,0.304590919699009
4.7026,0.3,0.297698514318777,0.304472516163699
4.7128,0.3,0.297727332626612,0.304646509703082
4.7229,0.3,0.297755708053487,0.305705777170021
4.733,0.3,0.297783576152396,0.305938260391952
4.7431,0.3,0.2978108787567,0.305942568443696
4.7533,0.3,0.297837563731511,0.305698387432574
4.7635,0.3,0.297863584722339,0.307469447164989
4.7736,0.3,0.297888900902014,0.306636799854969
4.7838,0.3,0.297913476716885,0.307413644101034
4.794,0.3,0.297937281633191,0.307577331665199
4.8042,0.3,0.297960289884447,0.308357779733826
4.8144,0.3,0.297982480220642,0.308573606826934
4.8246,0.3,0.298003835659945,0.309412957296079
4.8347,0.3,0.298024343243595,0.3085713359266
4.8449,0.3,0.298043993794582,0.309625613238871
4.8551,0.3,0.298062781680641,0.309837274671524
4.8653,0.3,0.298080704582085,0.309467200989728
4.8755,0.3,0.298097763264892,0.308672582425787
4.8857,0.3,0.298113961359457,0.310412627528923
4.8958,0.3,0.298129305145346,0.309566775734616
4.906,0.3,0.298143803342358,0.310361610172579
4.9162,0.3,0.298157466908149,0.309512883561061
4.9265,0.3,0.298170308842644,0.310312617885566
4.9366,0.3,0.298182343999405,0.310507919390301
4.9468,0.3,0.298193588904115,0.311314658419541
4.957,0.3,0.29820406158027,0.310507677177456
4.9671,0.3,0.298213781382167,0.31136101226786
4.9773,0.3,0.298222768835235,0.311361139921572
4.9874,0.3,0.298231045483725,0.312224559351192
4.9976,0.3,0.298238633745748,0.310550715549962
5.0077,0.3,0.298245556775639,0.311360221269272
5.0178,0.3,0.298251838333588,0.31136063868951
5.0279,0.3,0.298257502662462,0.311270691178918
5.038,0.3,0.298262574371724,0.310596315986364
5.0481,0.3,0.298267078328342,0.31059825722072
5.0583,0.3,0.298271039554563,0.309904585804698
5.0684,0.3,0.298274483132395,0.309598312653416
5.0785,0.3,0.29827743411467,0.308807111235935
5.0886,0.3,0.2982799174425,0.309598080524048
5.0987,0.3,0.298281957868957,0.308809017438876
5.1088,0.3,0.298283579888806,0.308810983634953
5.1189,0.3,0.298284807674081,0.309026998437722
5.1291,0.3,0.298285665015322,0.308657628305686
5.1392,0.3,0.29828617526826,0.307823249651965
5.1494,0.3,0.298286361305752,0.309559980457167
5.1597,0.3,0.298286245474751,0.30772496268377
5.1699,0.3,0.298285849558103,0.30951230087966
5.18,0.3,0.298285194740956,0.308673930430519
5.1902,0.3,0.298284301581566,0.310412237183073
5.2003,0.3,0.29828318998629,0.308572032111509
5.2104,0.3,0.298281879188556,0.309518652475166
5.2205,0.3,0.29828038773159,0.308736979371999
5.2306,0.3,0.298278733454702,0.309362575597761
5.2408,0.3,0.298276933482923,0.307523412694148
5.251,0.3,0.298275004219782,0.309311044625577
5.2611,0.3,0.298272961343038,0.309358271278701
5.2713,0.3,0.298270819803161,0.308519892296587
5.2814,0.3,0.298268593824383,0.310357620836571
5.2916,0.3,0.298266296908119,0.310360610296099
5.3018,0.3,0.298263941838592,0.309520961210368
5.312,0.3,0.298261540690482,0.310308972333293
5.3222,0.3,0.298259104838427,0.31030380575274
5.3323,0.3,0.298256644968214,0.309465990685405
5.3426,0.3,0.298254171089508,0.310304465004848
5.3527,0.3,0.298251692549956,0.310464364973741
5.3629,0.3,0.298249218050537,0.310304209921129
5.373,0.3,0.298246755661993,0.309518103175796
5.3831,0.3,0.298244312842241,0.310302239233578
5.3933,0.3,0.298241896454609,0.309519423624176
5.4035,0.3,0.298239512786793,0.309357389750393
5.4137,0.3,0.298237167570414,0.308521526715241
5.4239,0.3,0.298234866001065,0.309356417157869
5.4341,0.3,0.29823261275875,0.308523982461267
5.4444,0.3,0.298230412028615,0.308308439887723
5.4546,0.3,0.298228267521882,0.30752561655992
5.4648,0.3,0.298226182496899,0.307525989945639
5.475,0.3,0.298224159780228,0.306875710006433
5.4852,0.3,0.298222201787698,0.306877855893818
5.4953,0.3,0.298220310545351,0.307193076232983
5.5055,0.3,0.298218487710221,0.304474031852878
5.5157,0.3,0.29821673459089,0.302777713552005
5.5259,0.3,0.298215052167759,0.304415876030992
5.536,0.3,0.298213441112994,0.302655682244634
5.5462,0.3,0.298211901810098,0.304417214045485
5.5564,0.3,0.298210434373073,0.303652154340567
5.5665,0.3,0.29820903866513,0.303652140105621
5.5766,0.45,0.298207714316929,0.302901546060019
5.5867,0.45,0.298461321082718,0.302913406236914
5.5969,0.45,0.299199628623326,0.304165072560149
5.6071,0.45,0.300385795569143,0.304179362572222
5.6173,0.45,0.301984078742162,0.305436209444393
5.6275,0.45,0.303959876047818,0.305433836847545
5.6377,0.45,0.30627976247358,0.306428145738172
5.6478,0.45,0.308911519561226,0.307512950801838
5.658,0.45,0.311824158715727,0.310634536328117
5.6682,0.45,0.314987938708789,0.312652820280784
5.6783,0.45,0.318374377729339,0.316706957261358
5.6884,0.45,0.321956260326664,0.319728001223432
5.6985,0.45,0.32570763958471,0.323715764901877
5.7085,0.45,0.329603834858101,0.327720577956871
5.7187,0.45,0.333621425392077,0.332703274780713
5.7288,0.45,0.337738240139551,0.335637939770037
5.739,0.45,0.341933344079183,0.340548647396346
5.7492,0.45,0.346187021328617,0.340542068198045
5.7594,0.45,0.350480755337031,0.344469752316758
5.7696,0.45,0.354797206430861,0.348456288709815
5.7797,0.45,0.3591201869761,0.352311213595602
5.7899,0.45,0.363434634409954,0.356299057065159
5.8001,0.45,0.367726582383918,0.360225856710823
5.8103,0.45,0.371983130249575,0.364142417993287
5.8205,0.45,0.376192411107592,0.368129845871441
5.8306,0.45,0.380343558629659,0.374971851940812
5.8408,0.45,0.384426672852363,0.367341349923012
5.851,0.45,0.388432785131382,0.371366754001477
5.8612,0.45,0.392353822433853,0.375307810812413
5.8714,0.45,0.396182571136414,0.375317655896242
5.8815,0.45,0.399912640486214,0.382251472541632
5.8917,0.45,0.403538425872167,0.386257749612551
5.9019,0.45,0.407055072043957,0.389268372507136
5.9121,0.45,0.410458436406699,0.393278137742682
5.9222,0.45,0.413745052509864,0.396286493576754
5.9324,0.45,0.416912093840015,0.400292638552759
5.9426,0.45,0.419957338018098,0.40729214256082
5.9528,0.45,0.422879131493544,0.410341071136668
5.963,0.45,0.425676354819196,0.413348249293778
5.9732,0.45,0.428348388583205,0.41635119908012
5.9834,0.45,0.430895080066368,0.418413462470221
5.9935,0.45,0.433316710686126,0.420505253066082
6.0037,0.45,0.435613964281415,0.423510611047826
6.0138,0.45,0.437787896285907,0.423514375097903
6.024,0.45,0.439839903830782,0.425627354095744
6.0341,0.45,0.441771696812139,0.428668647322794
6.0443,0.45,0.443585269952403,0.430709743110187
6.0544,0.45,0.445282875879636,0.433696834050818
6.0645,0.45,0.446866999243555,0.431920710341132
6.0746,0.45,0.448340331882179,0.434959434843345
6.0846,0.45,0.449705749048561,0.435996106270279
6.0947,0.45,0.450966286702734,0.43719006801582
6.1048,0.45,0.452125119870106,0.439188086247682
6.1149,0.45,0.453185542063798,0.439170523647684
6.1251,0.45,0.454150945765041,0.449584708232239
6.1353,0.45,0.455024803952574,0.449585439193956
6.1454,0.45,0.455810652669079,0.450586657753485
6.1555,0.45,0.456512074610045,0.45158562578061
6.1657,0.45,0.457132683718046,0.452584601682407
6.1758,0.45,0.457676110763185,0.453635131675556
6.1859,0.45,0.458145989888555,0.454581612709239
6.1961,0.45,0.458545946097736,0.455579969096228
6.2062,0.45,0.458879583659863,0.456575214369344
6.2164,0.45,0.459150475406366,0.457627884385882
6.2265,0.45,0.459362152892382,0.457627463041491
6.2367,0.45,0.459518097394751,0.458625560305869
6.2468,0.45,0.459621731717751,0.458625108605268
6.257,0.45,0.459676412776979,0.45962284264214
6.2672,0.45,0.459685424931298,0.459555697564971
6.2774,0.45,0.459651974032351,0.458625489005252
6.2875,0.45,0.459579182160894,0.436262634363373
6.2977,0.45,0.459470083019047,0.435365622991515
6.3079,0.45,0.459327617947549,0.435353927590643
6.318,0.45,0.459154632537179,0.43534108586451
6.3281,0.45,0.458953873803673,0.435268981878217
6.3383,0.45,0.458727987895757,0.43444190103149
6.3485,0.45,0.458479518306252,0.435460673431279
6.3587,0.45,0.458210904556641,0.435648535738488
6.3688,0.45,0.457924481325998,0.430079943629356
6.379,0.45,0.457622477995719,0.430059261913288
6.3892,0.45,0.457307018582138,0.43106225864294
6.3993,0.45,0.456980122029762,0.430240245086344
6.4095,0.45,0.456643702838583,0.430273207244882
6.4196,0.45,0.456299571999671,0.430388778171647
6.4297,0.45,0.455949438214048,0.431368953855397
6.4399,0.45,0.455594909370644,0.431438596810422
6.4501,0.45,0.455237494259989,0.432369300831701
6.4604,0.45,0.454878604501154,0.432651255004782
6.4705,0.45,0.454519556660301,0.427997996549121
6.4807,0.45,0.454161574540141,0.428929308997803
6.4908,0.45,0.453805791620421,0.428875801732457
6.501,0.45,0.453453253630524,0.43001002734838
6.5112,0.45,0.453104921236116,0.430055711267455
6.5213,0.45,0.45276167282269,0.431031186477944
6.5315,0.45,0.452424307359738,0.431310277383892
6.5416,0.45,0.452093547330165,0.432280346735831
6.5518,0.45,0.451770041710429,0.432222900225184
6.562,0.45,0.451454368987745,0.434456280082734
6.5722,0.45,0.451147040201542,0.435611044355377
6.5823,0.45,0.450848501997172,0.435636157473077
6.5925,0.45,0.450559139680706,0.43559232564785
6.6027,0.45,0.450279280264406,0.437691986784258
6.6128,0.45,0.450009195493258,0.437858557432268
6.623,0.45,0.449749104843686,0.438910432858638
6.6332,0.45,0.44949917848629,0.440097760698519
6.6433,0.45,0.449259540205146,0.44011939493109
6.6535,0.45,0.449030270266901,0.438012508789071
6.6637,0.45,0.448811408233512,0.439070104879627
6.6738,0.45,0.44860295571314,0.439352644719746
6.684,0.45,0.448404879044282,0.440420320065004
6.6941,0.45,0.448217111908812,0.441737035188961
6.7042,0.45,0.448039557870133,0.437009151392985
6.7143,0.45,0.447872092833194,0.438194763282622
6.7243,0.45,0.447714567423584,0.440013342995812
6.7345,0.45,0.447566809283408,0.440078693428632
6.7446,0.45,0.447428625282091,0.441123897231585
6.7548,0.45,0.447299803640673,0.439963812875188
6.765,0.45,0.447180115968539,0.441032914728415
6.7752,0.45,0.447069319211932,0.438882879926668
6.7853,0.45,0.446967157513896,0.438956320595208
6.7954,0.45,0.446873363985667,0.440049424020655
6.8056,0.45,0.44678766238978,0.440124662264278
6.8158,0.45,0.446709768735492,0.440131892635471
6.8259,0.45,0.446639392787318,0.440128745038988
6.8361,0.45,0.446576239487765,0.440053141777755
6.8462,0.45,0.446520010295526,0.440039285594962
6.8564,0.45,0.446470404440613,0.440381819787836
6.8666,0.45,0.446427120098069,0.440463183484318
6.8768,0.45,0.446389855482072,0.439211876640747
6.887,0.45,0.446358309862373,0.440289115597424
6.8972,0.45,0.44633218450514,0.440464302657437
6.9074,0.45,0.446311183540387,0.440548779756768
6.9175,0.45,0.446295014758261,0.4402904615736
6.9277,0.45,0.446283390336543,0.440283553148952
6.9379,0.45,0.446276027501774,0.440293274360014
6.9481,0.45,0.446272649126476,0.441288626682499
6.9583,0.45,0.446272984264994,0.441126592975506
6.9685,0.45,0.446276768630479,0.441463168087711
6.9787,0.45,0.446283745015583,0.441296184558878
6.9888,0.45,0.446293663659439,0.442633838516242
6.999,0.45,0.446306282563477,0.442633819611545
7.0091,0.45,0.446321367758649,0.444979230148711
7.0193,0.45,0.446338693526603,0.443543356116978
7.0295,0.45,0.446358042577314,0.443804955347923
7.0396,0.45,0.446379206185665,0.445623103246542
7.0497,0.45,0.446401984289418,0.446966672843211
7.0598,0.45,0.446426185550998,0.446966999720176
7.07,0.45,0.446451627385416,0.4483235636926
7.08,0.45,0.446478135956672,0.446705579879221
7.0901,0.45,0.446505546144849,0.446059399610112
7.1002,0.45,0.44653370148611,0.446704988592367
7.1104,0.45,0.446562454087718,0.445970363110809
7.1205,0.45,0.446591664520118,0.446703778075068
7.1307,0.45,0.446621201688096,0.446705079517366
7.1409,0.45,0.446650942682916,0.447615216378633
7.1511,0.45,0.446680772617288,0.448362355186026
7.1612,0.45,0.446710584444937,0.448366464554496
7.1714,0.45,0.446740278766485,0.44744971422439
7.1815,0.45,0.446769763623255,0.447450552312421
7.1916,0.45,0.446798954280561,0.446453483898769
7.2018,0.45,0.44682777300196,0.446453483898769
7.2121,0.45,0.446856148815861,0.446453246126488
7.2223,0.45,0.446884017275833,0.446613019685042
7.2325,0.45,0.446911320215855,0.446453770918304
7.2427,0.45,0.446938005501704,0.446610381650156
7.2529,0.45,0.446964026779586,0.447690215312449
7.2631,0.45,0.446989343223063,0.448009850959353
7.2733,0.45,0.44701391927924,0.446534890002676
7.2835,0.45,0.447037724415135,0.446767629802233
7.2937,0.45,0.447060732865061,0.446533805797476
7.3039,0.45,0.447082923379818,0.447841087816536
7.314,0.45,0.447104278978396,0.447609483731015
7.3242,0.45,0.447124786702865,0.448921226642402
7.3344,0.45,0.447144437377045,0.449672154008469
7.3445,0.45,0.447163225369506,0.449910184961142
7.3547,0.45,0.44718114836139,0.449989496420684
7.3649,0.45,0.447198207119501,0.452231902602067
7.375,0.45,0.447214405275053,0.452232512585298
7.3851,0.45,0.44722974910842,0.45440283498188
7.3953,0.45,0.447244247340198,0.448525730767707
7.4054,0.45,0.447257910928827,0.448769055687656
7.4156,0.45,0.447270752874999,0.448368141223081
7.4258,0.45,0.447282788033029,0.448605612558197
7.4359,0.45,0.447294032929332,0.44852623772987
7.4461,0.45,0.447304505588118,0.449766359864851
7.4563,0.45,0.447314225364379,0.449286635751534
7.4666,0.45,0.447323212784216,0.44928705075953
7.4767,0.45,0.447331489392529,0.450059657116942
7.4868,0.45,0.447339077608058,0.451057294739023
7.4969,0.45,0.447346000585743,0.450991107080538
7.5071,0.45,0.447352282086355,0.450433047813646
7.5172,0.45,0.447357946353318,0.450281594534641
7.5274,0.45,0.447363017996627,0.450576018528247
7.5376,0.45,0.447367521883762,0.451418762818187
7.5477,0.45,0.447371483037452,0.451641160373081
7.5579,0.45,0.447374926540168,0.451416850410999
7.5681,0.45,0.447377877445178,0.451639176193374
7.5783,0.45,0.447380360694007,0.451414051953199
7.5885,0.45,0.447382401040117,0.452561224570697
7.5987,0.45,0.44738402297864,0.452340301102046
7.6088,0.45,0.447385250681954,0.452487514482818
7.6189,0.45,0.44738610794092,0.452488207165899
7.6291,0.45,0.447386618111571,0.452638955592541
7.6393,0.45,0.44738680406704,0.452625752874341
7.6495,0.45,0.447386688154541,0.449285587800571
7.6597,0.45,0.447386292157157,0.449281273652436
7.6698,0.45,0.447385637260254,0.44814389590669
7.68,0.45,0.447384744022288,0.448143870978021
